<?xml version="1.0" encoding="utf-8"?>
<GraphicalInterface>
  <P Name="NumRootInports">1</P>
  <Inport Name="input">
    <P Name="BusObject"/>
    <P Name="OutputFunctionCall">off</P>
    <P Name="SampleTime">-1</P>
    <P Name="UnitExpr">inherit</P>
  </Inport>
  <P Name="NumRootOutports">1</P>
  <Outport Name="output">
    <P Name="BusObject"/>
    <P Name="BusOutputAsStruct">off</P>
    <P Name="SignalName">y</P>
    <P Name="UnitExpr">inherit</P>
  </Outport>
  <P Name="ParameterArgumentNames"/>
  <P Name="NumModelReferences">0</P>
  <P Name="NumTestPointedSignals">1</P>
  <TestPointedSignal>
    <P Name="SignalName"/>
    <P Name="FullBlockPath">$bdroot/Sum</P>
    <P Name="LogSignal">1</P>
    <P Name="MaxPoints">5000</P>
    <P Name="Decimation">2</P>
  </TestPointedSignal>
  <P Name="NumProvidedFunctions">0</P>
  <P Name="NumRequiredFunctions">0</P>
  <P Name="NumResetEvents">0</P>
  <P Name="HasInitializeEvent">0</P>
  <P Name="HasTerminateEvent">0</P>
  <P Name="PreCompExecutionDomainType">Unset</P>
  <P Name="IsExportFunctionModel">0</P>
  <P Name="SimulinkSubDomainType">Simulink</P>
  <P Name="NumParameterArguments">0</P>
  <P Name="NumExternalFileReferences">0</P>
  <P Name="OrderedModelArguments">0</P>
</GraphicalInterface>
