<?xml version="1.0" encoding="UTF-8"?>
<sltp_editor version="1.1" packageUris="http://schema.mathworks.com/mf0/DiagramEditor/R2019a_20181107 http://schema.mathworks.com/mf0/SltpSyntax/R2020b_202007092240">
  <diagram.editor.model.Diagram type="diagram.editor.model.Diagram" uuid="d21920d9-6e0b-411e-9805-b68bf358a0bd">
    <entities type="diagram.editor.model.Entity" uuid="86c05455-5d13-4094-94a7-f371c7c57e68">
      <position>0,0</position>
      <size>0,0,0,0</size>
      <syntaxElement type="sltp.mm.syntax.Node" uuid="4a315d0b-9653-47b3-bcda-d1ec86c94209"/>
      <title>Cont</title>
      <type>base</type>
      <subDiagram type="diagram.editor.model.Diagram" uuid="2e4be7ba-1d59-4fdc-974f-b640f1128595">
        <position>0,0</position>
        <syntaxElement type="sltp.mm.syntax.Graph" uuid="416bced4-a217-4f5d-acb3-7655b9ba8bf5"/>
        <title>Cont</title>
        <type>graph.Graph</type>
      </subDiagram>
    </entities>
    <syntaxElement type="sltp.mm.syntax.Graph" uuid="aa428db4-0f77-48b7-a692-fc068e7a33fb"/>
    <title>Default</title>
    <type>graph.Graph</type>
  </diagram.editor.model.Diagram>
  <sltp.mm.syntax.Context type="sltp.mm.syntax.Context" uuid="e3756c41-8b17-4407-8739-ebae055fbbae">
    <globalData type="sltp.mm.syntax.GlobalData" uuid="48d99046-f71d-43f7-adc4-f72baa1ebe82">
      <dataName>portinput</dataName>
      <type>RootInport</type>
    </globalData>
    <globalData type="sltp.mm.syntax.GlobalData" uuid="b3ca6ab0-212d-4c48-be6b-16de2da6f346">
      <dataName>portoutput</dataName>
      <type>RootOutport</type>
    </globalData>
    <rootGraph type="sltp.mm.syntax.Graph" uuid="aa428db4-0f77-48b7-a692-fc068e7a33fb">
      <children type="sltp.mm.syntax.Node" uuid="4a315d0b-9653-47b3-bcda-d1ec86c94209">
        <priority>40</priority>
        <rates type="sltp.mm.syntax.RateData">
          <color>#000000</color>
          <hasBlocks>true</hasBlocks>
          <rate>0</rate>
          <title>Cont</title>
        </rates>
        <title>Cont</title>
        <type>base</type>
        <diagramElement type="diagram.editor.model.Entity" uuid="86c05455-5d13-4094-94a7-f371c7c57e68"/>
        <subgraph type="sltp.mm.syntax.Graph" uuid="416bced4-a217-4f5d-acb3-7655b9ba8bf5">
          <title>Cont</title>
          <diagramElement type="diagram.editor.model.Diagram" uuid="2e4be7ba-1d59-4fdc-974f-b640f1128595"/>
        </subgraph>
      </children>
      <title>Default</title>
      <diagramElement type="diagram.editor.model.Diagram" uuid="d21920d9-6e0b-411e-9805-b68bf358a0bd"/>
    </rootGraph>
  </sltp.mm.syntax.Context>
</sltp_editor>