<?xml version="1.0" encoding="UTF-8"?>
<sltp_graph version="1.1" packageUris="http://schema.mathworks.com/mf0/sltp_mm/R2021a_202009111111">
  <sltp.mm.core.Context type="sltp.mm.core.Context" uuid="8c9778c6-11b3-4076-bf67-2deac65ada4d">
    <globalData type="sltp.mm.core.GlobalData" uuid="9d139804-20b7-4ee3-b4cd-db4e90f22d55">
      <dataName>portinput</dataName>
      <type>RootInport</type>
    </globalData>
    <globalData type="sltp.mm.core.GlobalData" uuid="7f2614f6-8b74-436f-91a7-be591d2d0369">
      <dataName>portoutput</dataName>
      <type>RootOutport</type>
    </globalData>
    <priorityDirection>HighNumberLast</priorityDirection>
    <editorState type="sltp.mm.core.EditorState" uuid="e10c0a06-6f43-4379-b190-e63d119fedef">
      <isSynchronized>true</isSynchronized>
      <panelState type="sltp.mm.core.EditorPanelState" uuid="600a5a2f-98d5-4193-85d4-6c514cd9664a"/>
    </editorState>
    <rootTask type="sltp.mm.core.Task" uuid="679bd327-1d09-4b8c-8a7d-d3878d0cfd2f">
      <context type="sltp.mm.core.Context" uuid="8c9778c6-11b3-4076-bf67-2deac65ada4d"/>
      <explicit>false</explicit>
      <name>Default</name>
      <priority>-2147483648</priority>
      <subgraph type="sltp.mm.core.Graph" uuid="21dfc9ac-432c-476d-badc-3f24e56f0cc8">
        <tasks type="sltp.mm.core.Task" uuid="0bc195db-adb5-4f9b-b26f-fa10fa93555d">
          <baseTask>true</baseTask>
          <context type="sltp.mm.core.Context" uuid="8c9778c6-11b3-4076-bf67-2deac65ada4d"/>
          <explicit>false</explicit>
          <id>1</id>
          <isTimed>true</isTimed>
          <name>Cont</name>
          <priority>40</priority>
          <rates type="sltp.mm.core.Rate" uuid="7334e15c-00f3-436f-bb78-4c30891a638a">
            <annotation>Cont</annotation>
            <color>255</color>
            <hasBlocks>true</hasBlocks>
            <identifier>Continuous00</identifier>
            <rateSpec type="sltp.mm.core.RateSpec">
              <period>0.0</period>
            </rateSpec>
            <sti>0</sti>
          </rates>
        </tasks>
      </subgraph>
    </rootTask>
  </sltp.mm.core.Context>
</sltp_graph>