<?xml version="1.0" encoding="UTF-8" standalone="yes" ?><cp:coreProperties xmlns:cp="http://schemas.openxmlformats.org/package/2006/metadata/core-properties" xmlns:dc="http://purl.org/dc/elements/1.1/" xmlns:dcmitype="http://purl.org/dc/dcmitype/" xmlns:dcterms="http://purl.org/dc/terms/" xmlns:xsi="http://www.w3.org/2001/XMLSchema-instance"><cp:category>model</cp:category><dcterms:created xsi:type="dcterms:W3CDTF">2019-09-04T22:12:17Z</dcterms:created><dc:creator>m.perezblanco</dc:creator><cp:lastModifiedBy>s.ghetmiri</cp:lastModifiedBy><dcterms:modified xsi:type="dcterms:W3CDTF">2021-08-24T20:55:23Z</dcterms:modified><cp:revision>7.0</cp:revision><cp:version>R2021a</cp:version></cp:coreProperties>